[
  {
    "title": "Crumbl Cookie Sale!",
    "date": "Friday, Sept 26",
    "location": "CRX 528, uOttawa",
    "image": "assets/event-placeholder.jpg",
    "description": "Sweet start to the semester: we sold fresh Crumbl cookies to raise funds for a local homeless charity. Thanks to everyone who stopped by, donated, and spread the word! Photos coming soon."
  },
  {
    "title": "Reserved \u2014 Event Slot #2",
    "date": "TBD",
    "location": "Campus",
    "image": "assets/event-placeholder.jpg",
    "description": "Placeholder for your next event. Duplicate this block to add more."
  },
  {
    "title": "Reserved \u2014 Event Slot #3",
    "date": "TBD",
    "location": "Campus",
    "image": "assets/event-placeholder.jpg",
    "description": "Placeholder for your next event."
  }
]